{
	"name": "Set Enabled",
	"id": "103fe4b6-9a3b-dd7f-0456-761c663fef31",
	"inputs": [
		{
			"name": "Enter",
			"type": "Pulse",
			"description": "The input execution that triggers this node",
			"displayType": "Exec",
			"nameKey": "graph_set_enabled_input_enter",
			"descriptionKey": "graph_set_enabled_input_enter_description",
			"displayTypeKey": "graph_type_exec"
		},
		{
			"name": "Component",
			"type": "Component",
			"description": "The component to be enabled or disabled",
			"displayType": "Component",
			"nameKey": "graph_set_enabled_input_component",
			"descriptionKey": "graph_set_enabled_input_component_description",
			"displayTypeKey": "graph_type_component"
		},
		{
			"name": "Enabled On",
			"type": "Bool",
			"default_value": "0",
			"description": "True for enable the component, false for disable the component",
			"displayType": "Boolean",
			"nameKey": "graph_set_enabled_input_enabledon",
			"descriptionKey": "graph_set_enabled_input_enabledon_description",
			"displayTypeKey": "graph_type_boolean"
		}
	],
	"outputs": [
		{
			"name": "Next",
			"type": "Pulse",
			"description": "Execute the next node",
			"displayType": "Exec",
			"nameKey": "graph_set_enabled_output_next",
			"descriptionKey": "graph_set_enabled_output_next_description",
			"displayTypeKey": "graph_type_exec"
		},
		{
			"name": "Enabled",
			"type": "Bool",
			"description": "The status of the component, true for enabled, false for disabled",
			"displayType": "Boolean",
			"nameKey": "graph_set_enabled_output_enabled",
			"descriptionKey": "graph_set_enabled_output_enabled_description",
			"displayTypeKey": "graph_type_boolean"
		}
	],
	"js": "CGSetEnable.js",
	"version": "1.1.0",
	"category": "Utility",
	"description": "Enable or disable a component.",
	"nodeEvent": [
		"beforeStart",
		"resetOnRecord"
	],
	"productTypes": [
		"EHO",
		"EHD",
		"EHI"
	],
	"onlineWebsite": "graph_set_enabled_website",
	"nameKey": "graph_set_enabled_name",
	"categoryKey": "graph_category_utility",
	"descriptionKey": "graph_set_enabled_description"
}