{
	"name": "Image Info",
	"id": "e466fc44-0a33-49e9-3258-312a404a67d6",
	"inputs": [
		{
			"name": "Image",
			"description": "The Image component to get properties from",
			"type": "Image",
			"displayType": "Image",
			"nameKey": "graph_image_info_input_image",
			"descriptionKey": "graph_image_info_input_image_description",
			"displayTypeKey": "graph_type_image"
		}
	],
	"outputs": [
		{
			"name": "Texture",
			"description": "The texture of the Image",
			"type": "Texture",
			"providerType": "Texture2DProvider",
			"displayType": "Texture",
			"nameKey": "graph_image_info_output_texture",
			"descriptionKey": "graph_image_info_output_texture_description",
			"displayTypeKey": "graph_type_texture"
		},
		{
			"name": "Opacity",
			"description": "The opacity of the Image",
			"type": "Double",
			"displayType": "Number",
			"nameKey": "graph_image_info_output_opacity",
			"descriptionKey": "graph_image_info_output_opacity_description",
			"displayTypeKey": "graph_type_number"
		},
		{
			"name": "Color",
			"description": "The color of the Image",
			"type": "Color",
			"displayType": "Color",
			"nameKey": "graph_image_info_output_color",
			"descriptionKey": "graph_image_info_output_color_description",
			"displayTypeKey": "graph_type_color"
		},
		{
			"name": "Size",
			"nameKey": "graph_image_info_output_size",
			"description": "The size of the Image",
			"descriptionKey": "graph_image_info_output_size_description",
			"type": "Vector2f",
			"displayType": "Vec2",
			"displayTypeKey": "graph_type_vec2"
		},
		{
			"name": "Pivot",
			"nameKey": "graph_image_info_output_pivot",
			"description": "The pivot point of the Image",
			"descriptionKey": "graph_image_info_output_pivot_description",
			"type": "Vector2f",
			"displayType": "Vec2",
			"displayTypeKey": "graph_type_vec2"
		},
		{
			"name": "Flip X",
			"nameKey": "graph_image_info_output_flipx",
			"description": "If the X is flipped",
			"descriptionKey": "graph_image_info_output_flipx_description",
			"type": "Bool",
			"displayType": "Boolean",
			"displayTypeKey": "graph_type_boolean"
		},
		{
			"name": "Flip Y",
			"nameKey": "graph_image_info_output_flipy",
			"description": "If the X is flipped",
			"descriptionKey": "graph_image_info_output_flipy_description",
			"type": "Bool",
			"displayType": "Boolean",
			"displayTypeKey": "graph_type_boolean"
		}
	],
	"category": "Utility",
	"version": "1.0.0",
	"description": "Captures the component properties of the specified Image component",
	"onlineWebsite": "graph_image_info_website",
	"productTypes": [
		"EHO",
		"EHD",
		"EHI"
	],
	"js": "CGImageInfo.js",
	"nameKey": "graph_image_info_name",
	"categoryKey": "graph_category_utility",
	"descriptionKey": "graph_image_info_description"
}
