{
	"name": "Screen Tap",
	"id": "84ab3541-edc9-e87e-32b1-ab9c4097c856",
	"inputs": [],
	"outputs": [
		{
			"name": "Next",
			"type": "Pulse",
			"description": "Execute the next node when the screen is tapped",
			"displayType": "Exec",
			"nameKey": "graph_screen_tap_output_next",
			"descriptionKey": "graph_screen_tap_output_next_description",
			"displayTypeKey": "graph_type_exec"
		},
		{
			"name": "Position",
			"type": "Vector2f",
			"description": "The 2D position of the tapping point",
			"displayType": "Vec2",
			"nameKey": "graph_screen_tap_output_position",
			"descriptionKey": "graph_screen_tap_output_position_description",
			"displayTypeKey": "graph_type_vec2"
		}
	],
	"js": "CGScreenTap.js",
	"version": "2.0.0",
	"nodeEvent": [
		"onEvent",
		"resetOnRecord"
	],
	"category": "Event",
	"graphAlgorithms": [
		"TouchGes"
	],
	"description": "Execute the next node when the device screen is tapped. It is executed as soon as the finger touches the device screen.",
	"productTypes": [
		"EHO",
		"EHD",
		"EHI"
	],
	"onlineWebsite": "graph_screen_tap_website",
	"nameKey": "graph_screen_tap_name",
	"categoryKey": "graph_category_event",
	"descriptionKey": "graph_screen_tap_description",
	"contentFeature": [
		"ScreenTap"
	]
}