{
	"name": "Media Picker Event",
	"id": "f61e3641-67ab-ce7b-cb34-4274627a2d11",
	"inputs": [
		{
			"name": "Media Picker Texture",
			"description": "The media uploaded by the user",
			"type": "Texture",
			"providerType": "RenderTextureProvider",
			"displayType": "Texture",
			"nameKey": "graph_media_picker_event_input_mediapickertexture",
			"descriptionKey": "graph_media_picker_event_input_mediapickertexture_description",
			"displayTypeKey": "graph_type_texture"
		},
		{
			"name": "Event Type",
			"description": "The type of event that triggers the next node",
			"type": "String",
			"value_list": [
				"Upload",
				"Reset"
			],
			"displayType": "String",
			"nameKey": "graph_media_picker_event_input_eventtype",
			"descriptionKey": "graph_media_picker_event_input_eventtype_description",
			"displayTypeKey": "graph_type_string",
			"value_list_i18n_keys": [
				"graph_media_picker_event_input_eventtype_valueList_upload",
				"graph_media_picker_event_input_eventtype_valueList_reset"
			]
		}
	],
	"outputs": [
		{
			"name": "Next",
			"description": "Executes the next node",
			"type": "Pulse",
			"displayType": "Exec",
			"nameKey": "graph_media_picker_event_output_next",
			"descriptionKey": "graph_media_picker_event_output_next_description",
			"displayTypeKey": "graph_type_exec"
		}
	],
	"category": "Utility",
	"version": "1.0.0",
	"description": "Detects media upload-related events from the user",
	"productTypes": [
		"EHO",
		"EHI"
	],
	"nodeEvent": [
		"beforeStart"
	],
	"js": "CGUserUploadedMediaUpdateEvent.js",
	"nameKey": "graph_media_picker_event_name",
	"categoryKey": "graph_category_utility",
	"descriptionKey": "graph_media_picker_event_description"
}