{
	"name": "Animated Texture Info",
	"id": "8ada775e-50f8-c173-7e86-b92724f97578",
	"inputs": [
		{
			"name": "Animated Texture",
			"description": "The animated texture asset to get properties from",
			"type": "Texture",
			"providerType": "Texture2DProvider",
			"displayType": "Texture",
			"nameKey": "graph_animated_texture_info_input_animatedtexture",
			"descriptionKey": "graph_animated_texture_info_input_animatedtexture_description",
			"displayTypeKey": "graph_type_texture"
		}
	],
	"outputs": [
		{
			"name": "Frame Count",
			"description": "The total texture count of the current animated texture in its original texture sequence asset",
			"type": "Double",
			"displayType": "Number",
			"nameKey": "graph_animated_texture_info_output_framecount",
			"descriptionKey": "graph_animated_texture_info_output_framecount_description",
			"displayTypeKey": "graph_type_number"
		},
		{
			"name": "Resolution",
			"description": "The resolution of the current animated texture in its original texture sequence asset",
			"type": "Vector2f",
			"displayType": "Vec2",
			"nameKey": "graph_animated_texture_info_output_resolution",
			"descriptionKey": "graph_animated_texture_info_output_resolution_description",
			"displayTypeKey": "graph_type_vec2"
		},
		{
			"name": "Loop Count",
			"description": "The number of times of looping the Animated Texture",
			"type": "Int",
			"displayType": "Number",
			"nameKey": "graph_animated_texture_info_output_loopcount",
			"descriptionKey": "graph_animated_texture_info_output_loopcount_description",
			"displayTypeKey": "graph_type_number"
		},
		{
			"name": "Order",
			"description": "The order of the animated texture, including Forward, Random, Ping-pong and Shuffle",
			"type": "String",
			"displayType": "String",
			"nameKey": "graph_animated_texture_info_output_order",
			"descriptionKey": "graph_animated_texture_info_output_order_description",
			"displayTypeKey": "graph_type_string"
		},
		{
			"name": "FPS",
			"description": "The frame per second of this animated texture",
			"type": "Int",
			"displayType": "Number",
			"nameKey": "graph_animated_texture_info_output_fps",
			"descriptionKey": "graph_animated_texture_info_output_fps_description",
			"displayTypeKey": "graph_type_number"
		},
		{
			"name": "Duration",
			"description": "The duration (seconds) of this animated texture",
			"type": "Double",
			"displayType": "Number",
			"nameKey": "graph_animated_texture_info_output_duration",
			"descriptionKey": "graph_animated_texture_info_output_duration_description",
			"displayTypeKey": "graph_type_number"
		},
		{
			"name": "Current Frame Index",
			"description": "The index of the current animated texture in its original texture sequence asset",
			"type": "Int",
			"displayType": "Number",
			"default_value": "0",
			"range": [
				[
					0,
					"inf",
					1
				]
			],
			"nameKey": "graph_animated_texture_info_output_currentframeindex",
			"descriptionKey": "graph_animated_texture_info_output_currentframeindex_description",
			"displayTypeKey": "graph_type_number"
		},
		{
			"name": "Is Reverse",
			"nameKey": "graph_animated_texture_info_output_isreverse",
			"description": "If the playing of this animated texture is reverse",
			"descriptionKey": "graph_animated_texture_info_output_isreverse_description",
			"type": "Bool",
			"displayType": "Boolean",
			"displayTypeKey": "graph_type_boolean"
		}
	],
	"category": "Utility",
	"productTypes": [
		"EHI",
		"EHO",
		"EHD"
	],
	"js": "CGAnimatedTextureInfo.js",
	"description": "Captures the asset properties of the specified animated texture",
	"version": "3.0.0",
	"onlineWebsite": "graph_animated_texture_info_website",
	"nameKey": "graph_animated_texture_info_name",
	"categoryKey": "graph_category_utility",
	"descriptionKey": "graph_animated_texture_info_description"
}