{
	"name": "Pause Recording",
	"id": "9E914E51-EBD8-77BA-5DDF-5E9701E83B01",
	"inputs": [
		{
			"name": "Enter",
			"description": "The input execution that triggers this node",
			"type": "Pulse",
			"displayType": "Exec",
			"nameKey": "graph_pause_recording_input_enter",
			"descriptionKey": "graph_pause_recording_input_enter_description",
			"displayTypeKey": "graph_type_exec"
		}
	],
	"outputs": [
		{
			"name": "Next",
			"type": "Pulse",
			"description": "Executes the next node",
			"displayType": "Exec",
			"nameKey": "graph_pause_recording_output_next",
			"descriptionKey": "graph_pause_recording_output_next_description",
			"displayTypeKey": "graph_type_exec"
		}
	],
	"js": "CGPauseRecord.js",
	"version": "1.0.0",
	"SDKVersion": "16.9.0",
	"category": "Utility",
	"description": "Pauses video recording",
	"productTypes": [
		"EHO"
	],
	"showInLibrary":["EHI"],
	"nodeEvent": [
		"beforeStart",
		"onDestroy"
	],
	"copyEnable": false,
	"nameKey": "graph_pause_recording_name",
	"categoryKey": "graph_category_utility",
	"descriptionKey": "graph_pause_recording_description",
	"contentFeature": ["PauseRecord"]
}