{
	"name": "Set Asset Property",
	"id": "2bd56c4c-ef3f-2420-faf5-aec89dec3b4c",
	"inputs": [
		{
			"name": "Enter",
			"description": "Execute this node",
			"type": "Pulse",
			"displayType": "Exec",
			"nameKey": "graph_set_asset_property_input_enter",
			"descriptionKey": "graph_set_asset_property_input_enter_description",
			"displayTypeKey": "graph_type_exec"
		},
		{
			"name": "Source",
			"type": "Resource",
			"description": "Source asset",
			"displayType": "Any",
			"nameKey": "graph_set_asset_property_input_source",
			"descriptionKey": "graph_set_asset_property_input_source_description",
			"displayTypeKey": "graph_type_any"
		},
		{
			"name": "Value",
			"type": "any",
			"description": "Value to set to asset property",
			"displayType": "Any",
			"nameKey": "graph_set_asset_property_input_value",
			"descriptionKey": "graph_set_asset_property_input_value_description",
			"displayTypeKey": "graph_type_any"
		}
	],
	"outputs": [
		{
			"name": "Next",
			"description": "Execute the next node",
			"type": "Pulse",
			"displayType": "Exec",
			"nameKey": "graph_set_asset_property_output_next",
			"descriptionKey": "graph_set_asset_property_output_next_description",
			"displayTypeKey": "graph_type_exec"
		}
	],
	"nodeEvent": [
		"beforeStart"
	],
	"js": "CGSetAssetPropertyValue.js",
	"version": "1.0.0",
	"builtinClass": "PropertyNode",
	"category": "Asset Property",
	"description": "Set property value of an asset",
	"productTypes": [
		"EHO",
		"EHD",
		"EHI"
	],
	"showInLibrary": [],
	"nameKey": "graph_set_asset_property_name",
	"categoryKey": "graph_category_assetproperty",
	"descriptionKey": "graph_set_asset_property_description"
}