{
	"id": "b2aa6cdc-bb85-158d-ea02-acb5f17d6914",
	"name": "Subtract",
	"category": "Math",
	"inputs": [
		{
			"name": "A",
			"description": "Input value A",
			"type": "Vector3f"
		},
		{
			"name": "B",
			"description": "Input value B",
			"type": "Vector3f"
		}
	],
	"outputs": [
		{
			"name": "Result",
			"description": "Result of A minus B",
			"type": "Vector3f"
		}
	],
	"description": "Calculate subtraction.",
	"supportedInputs": [
		{
			"in": [
				"genType",
				"genType"
			],
			"out": [
				"genType"
			]
		},
		{
			"in": [
				"genType",
				"Number"
			],
			"out": [
				"genType"
			]
		},
		{
			"in": [
				"Number",
				"genType"
			],
			"out": [
				"genType"
			]
		}
	],
	"productTypes": [
		"EHO", "EHD", "EHI"
	],
	"version": "1.0.0"
}