{
	"id": "9fd936ec-9566-f876-b94e-5d0a66bd70df",
	"name": "Add",
	"category": "Math",
	"inputs": [
		{
			"name": "A",
			"description": "Input value A",
			"type": "Vector3f"
		},
		{
			"name": "B",
			"description": "Input value B",
			"type": "Vector3f"
		}
	],
	"outputs": [
		{
			"name": "Result",
			"description": "Result of A plus B",
			"type": "Vector3f"
		}
	],
	"description": "Calculate addition.",
	"supportedInputs": [
		{
			"in": [
				"genType",
				"genType"
			],
			"out": [
				"genType"
			]
		},
		{
			"in": [
				"genType",
				"Number"
			],
			"out": [
				"genType"
			]
		},
		{
			"in": [
				"Number",
				"genType"
			],
			"out": [
				"genType"
			]
		}
	],
	"productTypes": [
		"EHO", "EHD", "EHI"
	],
	"version": "1.0.0"
}