{
	"id": "54a0d4bc-a1f6-b390-f912-0a059a55c5b7",
	"name": "Divide",
	"category": "Math",
	"inputs": [
		{
			"name": "A",
			"description": "Input value A",
			"type": "Vector3f"
		},
		{
			"name": "B",
			"description": "Input value B",
			"type": "Vector3f"
		}
	],
	"outputs": [
		{
			"name": "Result",
			"description": "Result of A divided by B",
			"type": "Vector3f"
		}
	],
	"description": "Calculate division.",
	"supportedInputs": [
		{
			"in": [
				"genType",
				"genType"
			],
			"out": [
				"genType"
			]
		},
		{
			"in": [
				"genType",
				"Number"
			],
			"out": [
				"genType"
			]
		},
		{
			"in": [
				"Number",
				"genType"
			],
			"out": [
				"genType"
			]
		}
	],
	"productTypes": [
		"EHO", "EHD", "EHI"
	],
	"version": "1.0.0"
}