{
	"name": "Start Recording",
	"id": "603C0EC0-2B4D-96AC-C3C7-85FFA296710F",
	"inputs": [
		{
			"name": "Enter",
			"description": "The input execution that triggers this node",
			"type": "Pulse",
			"displayType": "Exec",
			"nameKey": "graph_start_recording_input_enter",
			"descriptionKey": "graph_start_recording_input_enter_description",
			"displayTypeKey": "graph_type_exec"
		}
	],
	"outputs": [
		{
			"name": "Next",
			"type": "Pulse",
			"description": "Executes the next node",
			"displayType": "Exec",
			"nameKey": "graph_start_recording_output_next",
			"descriptionKey": "graph_start_recording_output_next_description",
			"displayTypeKey": "graph_type_exec"
		}
	],
	"js": "CGStartRecord.js",
	"version": "1.0.0",
	"SDKVersion": "16.9.0",
	"category": "Utility",
	"description": "Starts video recording",
	"productTypes": [
		"EHI",
		"EHO"
	],
	"showInLibrary":["EHI"],
	"nodeEvent": [
		"beforeStart",
		"onDestroy"
	],
	"copyEnable": false,
	"nameKey": "graph_start_recording_name",
	"categoryKey": "graph_category_utility",
	"descriptionKey": "graph_start_recording_description",
	"contentFeature": [
		"StartRecord"
	]
}