{
	"name": "Add",
	"id": "a06db1d5-3357-d608-25db-415522997904",
	"inputs": [
		{
			"name": "A",
			"type": "Double",
			"dynamic": true,
			"default_value": "0",
			"description": "The first value to be added",
			"displayType": "Number",
			"nameKey": "graph_add_input_a",
			"descriptionKey": "graph_add_input_a_description",
			"displayTypeKey": "graph_type_number"
		},
		{
			"name": "B",
			"type": "Double",
			"dynamic": true,
			"default_value": "0",
			"description": "The second value to be added",
			"displayType": "Number",
			"nameKey": "graph_add_input_b",
			"descriptionKey": "graph_add_input_b_description",
			"displayTypeKey": "graph_type_number"
		}
	],
	"outputs": [
		{
			"name": "A+B",
			"type": "Double",
			"dynamic": true,
			"description": "The sum of the two input values",
			"displayType": "Number",
			"nameKey": "graph_add_output_ab",
			"descriptionKey": "graph_add_output_ab_description",
			"displayTypeKey": "graph_type_number"
		}
	],
	"js": "CGAdd.js",
	"version": "1.0.2",
	"category": "Math",
	"description": "Calculate the sum of two inputs. You can click \"+\" to add more inputs. Supported types: Number, Vec2, Vec3, and Vec4.",
	"supportedValueTypes": [
		"Double",
		"Int",
		"Vector2f",
		"Vector3f",
		"Vector4f"
	],
	"addableInput": {
		"index": 1,
		"baseName": "",
		"increaseStartIndex": "C"
	},
	"productTypes": [
		"EHO",
		"EHD",
		"EHI"
	],
	"nameKey": "graph_add_name",
	"categoryKey": "graph_category_math",
	"descriptionKey": "graph_add_description"
}