{
	"name": "Media Picker Info",
	"id": "ac32d1b0-6f87-2ff3-4f87-c9d2de744ee6",
	"inputs": [
		{
			"name": "Media Picker Texture",
			"description": "Input a Render Texture representing the user-uploaded media.",
			"type": "Texture",
			"providerType": "RenderTextureProvider",
			"displayType": "Texture",
			"nameKey": "graph_media_picker_info_input_mediapickertexture",
			"descriptionKey": "graph_media_picker_info_input_mediapickertexture_description",
			"displayTypeKey": "graph_type_texture"
		}
	],
	"outputs": [
		{
			"name": "Index",
			"description": "Returns the index of Texture among all Media Picker Textures",
			"type": "Int",
			"displayType": "Number",
			"nameKey": "graph_media_picker_info_output_index",
			"descriptionKey": "graph_media_picker_info_output_index_description",
			"displayTypeKey": "graph_type_number"
		},
		{
			"name": "Is Uploaded",
			"description": "Returns true if Render Texture has been uploaded, else false",
			"type": "Bool",
			"displayType": "Boolean",
			"nameKey": "graph_media_picker_info_output_isuploaded",
			"descriptionKey": "graph_media_picker_info_output_isuploaded_description",
			"displayTypeKey": "graph_type_boolean"
		},
		{
			"name": "Image Resolution",
			"description": "Returns the resolution of the image, if no image has been uploaded it defaults to 0,0",
			"type": "Vector2f",
			"displayType": "Vec2",
			"nameKey": "graph_media_picker_info_output_imageresolution",
			"descriptionKey": "graph_media_picker_info_output_imageresolution_description",
			"displayTypeKey": "graph_type_vec2"
		}
	],
	"category": "Utility",
	"version": "1.0.0",
	"description": "Retrieves information from a user-uploaded media",
	"productTypes": [
		"EHO",
		"EHI"
	],
	"js": "CGUserUploadedMediaInfo.js",
	"nameKey": "graph_media_picker_info_name",
	"categoryKey": "graph_category_utility",
	"descriptionKey": "graph_media_picker_info_description"
}