{"appVersion":"5.7.0","actionList":[{"actionId":"38463d87-f44a-71b7-682c-5dd4651f3c84","action":{"name":"LoadAsset","data":{"asset":"Assets/ArtMakerSlideAssets/AITexture/AI Art Image [EDIT].OAIDrawTextureJSA"}}},{"actionId":"8c1210e7-7bd3-d403-669e-ba4dd1973bd2","action":{"name":"LoadAsset","data":{"asset":"Assets/ArtMakerSlideAssets/Textures/UserMediaTextures/UserMedi_Tex.uumt"}}},{"actionId":"cc39f2b0-5906-1996-6f23-a8985f182d84","action":{"name":"LoadAsset","data":{"asset":"Assets/ArtMakerSlideAssets/Textures/Graphics/Retry_Tex.png"}}},{"actionId":"deb1dc3d-3fe4-3a32-1490-04cb08af399e","action":{"name":"LoadAsset","data":{"asset":"Assets/ArtMakerSlideAssets/Transitions/Open From Left/ProgressControllerLogic/ProgressControllerLogic.compgraph"}}},{"actionId":"a27e56dc-2a4f-29c5-640e-a091417663c0","action":{"name":"LoadAsset","data":{"asset":"Assets/ArtMakerSlideAssets/Transitions/Open From Left/Textures/black_rect.png"}}},{"actionId":"1d2ed06c-7b55-2f3d-e385-de0becb4b365","action":{"name":"LoadAsset","data":{"asset":"Assets/ArtMakerSlideAssets/Textures/TextureSequenceAssets/Countdown_TexSequence.otextureseq"}}},{"actionId":"38aeb234-5191-d468-e590-08de9fa554fd","action":{"name":"LoadAsset","data":{"asset":"Assets/ArtMakerSlideAssets/Textures/TextureSequenceAssets/LoadingSpinner_TexSequences.otextureseq"}}},{"actionId":"3c23d7ad-b3f8-9197-563e-c61e018f0a0d","action":{"name":"LoadAsset","data":{"asset":"Assets/ArtMakerSlideAssets/Textures/Animated Textures/LoadingSpinner_AnimTex.OseqJSA"}}},{"actionId":"7082afff-765f-d42e-6937-7ededcc08775","action":{"name":"LoadAsset","data":{"asset":"Assets/ArtMakerSlideAssets/Textures/Animated Textures/Countdown_AnimationTex.animTex"}}},{"actionId":"70593eff-ea16-a472-3cee-e1dbf4826ad0","action":{"name":"LoadAsset","data":{"asset":"Assets/ArtMakerSlideAssets/Transitions/Open From Left/Materials/Open From Left.omtl"}}},{"actionId":"6fc15c1b-4c10-8be2-a12b-2131373a9f27","action":{"name":"Snapshot","data":{"scene":[{"name":"Tip: To modify Art Maker Slide","guid":"Guid(2256194110586672865, 407044644167717256)","childSceneObjects":[{"name":"1. Customize \"AI Art Image [EDIT]\" in Assets","guid":"Guid(6938510586884204320, 3825298056427272106)","components":[{"name":"ExtraDataTransform","guid":"Guid(6648734916797856704, 9811207743546117053)","properties":{"guid":{"_rtti":{}},"objGuid":"Guid(6648734916797856704, 9811207743546117053)","name":"","version":{"_major":0,"_minor":1,"_patch":0},"isVisibleInInspector":true,"hideInPanel":false,"extraType":"Transform","rttiType":"Transform","localPosition":{"x":0,"y":0,"z":0},"localScale":{"x":1,"y":1,"z":1},"eulerAngle":{"x":0,"y":0,"z":0},"linkage":0,"expanded":true,"editable":true,"inspectorUIStates":{},"_lazyUpgrateVersion":{"_major":0,"_minor":0,"_patch":0},"enabled":true,"prefabObjectGuid":{"_rtti":{}}}}],"properties":{"visible":true}},{"name":"   a. Modify \"Transiton Style\" material","guid":"Guid(13422531802282116712, 16182353161355662485)","components":[{"name":"ExtraDataTransform","guid":"Guid(7585552965202655914, 13071996410163945872)","properties":{"guid":{"_rtti":{}},"objGuid":"Guid(7585552965202655914, 13071996410163945872)","name":"","version":{"_major":0,"_minor":1,"_patch":0},"isVisibleInInspector":true,"hideInPanel":false,"extraType":"Transform","rttiType":"Transform","localPosition":{"x":0,"y":0,"z":0},"localScale":{"x":1,"y":1,"z":1},"eulerAngle":{"x":0,"y":0,"z":0},"linkage":0,"expanded":true,"editable":true,"inspectorUIStates":{},"_lazyUpgrateVersion":{"_major":0,"_minor":0,"_patch":0},"enabled":true,"prefabObjectGuid":{"_rtti":{}}}}],"properties":{"visible":true}},{"name":"   b. Customize \"Prompt\"","guid":"Guid(11838073889024986411, 3681530675154462130)","components":[{"name":"ExtraDataTransform","guid":"Guid(9243135430668060201, 17121734215036646823)","properties":{"guid":{"_rtti":{}},"objGuid":"Guid(9243135430668060201, 17121734215036646823)","name":"","version":{"_major":0,"_minor":1,"_patch":0},"isVisibleInInspector":true,"hideInPanel":false,"extraType":"Transform","rttiType":"Transform","localPosition":{"x":0,"y":0,"z":0},"localScale":{"x":1,"y":1,"z":1},"eulerAngle":{"x":0,"y":0,"z":0},"linkage":0,"expanded":true,"editable":true,"inspectorUIStates":{},"_lazyUpgrateVersion":{"_major":0,"_minor":0,"_patch":0},"enabled":true,"prefabObjectGuid":{"_rtti":{}}}}],"properties":{"visible":true}},{"name":"2. Modify interactions in Visual Scripting","guid":"Guid(7299812944492068867, 17999855573643807399)","components":[{"name":"ExtraDataTransform","guid":"Guid(11044768228108465053, 10018484424467587477)","properties":{"guid":{"_rtti":{}},"objGuid":"Guid(11044768228108465053, 10018484424467587477)","name":"","version":{"_major":0,"_minor":1,"_patch":0},"isVisibleInInspector":true,"hideInPanel":false,"extraType":"Transform","rttiType":"Transform","localPosition":{"x":0,"y":0,"z":0},"localScale":{"x":1,"y":1,"z":1},"eulerAngle":{"x":0,"y":0,"z":0},"linkage":0,"expanded":true,"editable":true,"inspectorUIStates":{},"_lazyUpgrateVersion":{"_major":0,"_minor":0,"_patch":0},"enabled":true,"prefabObjectGuid":{"_rtti":{}}}}],"properties":{"visible":true}}],"components":[{"name":"ExtraDataTransform","guid":"Guid(13063546442153794511, 12795886521973915307)","properties":{"guid":{"_rtti":{}},"objGuid":"Guid(13063546442153794511, 12795886521973915307)","name":"","version":{"_major":0,"_minor":1,"_patch":0},"isVisibleInInspector":true,"hideInPanel":false,"extraType":"Transform","rttiType":"Transform","localPosition":{"x":0,"y":0,"z":0},"localScale":{"x":1,"y":1,"z":1},"eulerAngle":{"x":0,"y":0,"z":0},"linkage":0,"expanded":true,"editable":true,"inspectorUIStates":{},"_lazyUpgrateVersion":{"_major":0,"_minor":0,"_patch":0},"enabled":true,"prefabObjectGuid":{"_rtti":{}}}},{"name":"EffectNodeEditor","guid":"Guid(17528466664576841710, 16722020707841003198)","properties":{"type":4,"renderOrder":9001,"outputTextures":[{"asset":"Shared/Cache/BuiltInAssets/00000000-0000-0000-0000-000000000009/Final Render Output.rt"}],"sortMethod":0,"enableInputTexture":false,"inputTexture":{"asset":"00000000-0000-0000-0000-00000000004b"}}}],"properties":{"visible":true}},{"name":"2D Foreground","guid":"Guid(4197740009295524009, 15360543891530720912)","childSceneObjects":[{"name":"2D Camera","guid":"Guid(12125635306818809954, 639792148286464685)","childSceneObjects":[{"name":"User Upload Media","guid":"Guid(17312652708366815209, 16224276689878645920)","childSceneObjects":[{"name":"Black Background[Don't edit]","guid":"Guid(6504746777534447252, 15513894916048412350)","components":[{"name":"ScreenTransformComponentEditor","guid":"Guid(5714054094727456033, 18154053649392141209)","properties":{"guid":{"_rtti":{}},"objGuid":"Guid(5714054094727456033, 18154053649392141209)","name":"","version":{"_major":0,"_minor":1,"_patch":0},"isVisibleInInspector":true,"hideInPanel":false,"extraType":"ScreenTransform","rttiType":"ScreenTransform","horizontalConstraint":2,"verticalConstraint":2,"linkageScale":0,"linkageSize":0,"anchoredPosition":{"x":0,"y":0},"sizeDelta":{"x":720,"y":1280},"pivot":{"x":0.5,"y":0.5},"rotation":0,"scale":{"x":1,"y":1},"pixelsPerUnit":32,"anchors":{"x":0.5,"y":0.5,"z":0.5,"w":0.5},"expanded":true,"editable":true,"inspectorUIStates":{},"_lazyUpgrateVersion":{"_major":0,"_minor":0,"_patch":0},"enabled":true,"prefabObjectGuid":{"_rtti":{}}}},{"name":"ImageComponentEditor","guid":"Guid(12487156348388118806, 4421271563257436051)","properties":{"guid":{"_rtti":{}},"objGuid":"Guid(12487156348388118806, 4421271563257436051)","name":"","version":{"_major":0,"_minor":1,"_patch":0},"isVisibleInInspector":true,"hideInPanel":false,"extraType":"Image","rttiType":"Image","sharedMaterial":{"asset":"Shared/Cache/BuiltInAssets/00000000-0000-0000-0000-000000000132/Image_Default_Normal_MaterialNOPM.omtl"},"texture":{"asset":"Shared/Cache/BuiltInAssets/00000000-0000-0000-0000-000000001543/White_Texture.png"},"segBlendMode":"Normal_v2","segRadius":0.5,"segSoftness":0.5,"blendMode":"Normal","opacity":1,"color":{"r":0,"g":0,"b":0,"a":1},"size":{"x":10,"y":10},"pivot":{"x":0.5,"y":0.5},"flipX":false,"flipY":false,"sizeMode":0,"isScreenImage":false,"drawMode":"Normal","stretchMode":0,"filledType":0,"startPoint":0,"filledRange":1,"ellipseX":1,"ellipseY":1,"alphaNOPM":true,"expanded":true,"editable":true,"inspectorUIStates":{},"_lazyUpgrateVersion":{"_major":0,"_minor":0,"_patch":0},"enabled":true,"prefabObjectGuid":{"_rtti":{}}}}],"properties":{"visible":true}},{"name":"User Media Texture[Don't edit]","guid":"Guid(16232344055444947680, 5263433471312833705)","components":[{"name":"ScreenTransformComponentEditor","guid":"Guid(10827378944543982055, 15806732580223702662)","properties":{"guid":{"_rtti":{}},"objGuid":"Guid(10827378944543982055, 15806732580223702662)","name":"","version":{"_major":0,"_minor":1,"_patch":0},"isVisibleInInspector":true,"hideInPanel":false,"extraType":"ScreenTransform","rttiType":"ScreenTransform","horizontalConstraint":2,"verticalConstraint":2,"linkageScale":0,"linkageSize":0,"anchoredPosition":{"x":0,"y":0},"sizeDelta":{"x":720,"y":1280},"pivot":{"x":0.5,"y":0.5},"rotation":0,"scale":{"x":1,"y":1},"pixelsPerUnit":32,"anchors":{"x":0.5,"y":0.5,"z":0.5,"w":0.5},"expanded":true,"editable":true,"inspectorUIStates":{},"_lazyUpgrateVersion":{"_major":0,"_minor":0,"_patch":0},"enabled":true,"prefabObjectGuid":{"_rtti":{}}}},{"name":"ImageComponentEditor","guid":"Guid(1675621395176529304, 4314785677781331899)","properties":{"guid":{"_rtti":{}},"objGuid":"Guid(1675621395176529304, 4314785677781331899)","name":"","version":{"_major":0,"_minor":1,"_patch":0},"isVisibleInInspector":true,"hideInPanel":false,"extraType":"Image","rttiType":"Image","sharedMaterial":{"asset":"Shared/Cache/BuiltInAssets/00000000-0000-0000-0000-000000000132/Image_Default_Normal_MaterialNOPM.omtl"},"texture":{"asset":"Assets/ArtMakerSlideAssets/Textures/UserMediaTextures/UserMedi_Tex.uumt"},"segBlendMode":"Normal_v2","segRadius":0.5,"segSoftness":0.5,"blendMode":"Normal","opacity":1,"color":{"r":1,"g":1,"b":1,"a":1},"size":{"x":10,"y":10},"pivot":{"x":0.5,"y":0.5},"flipX":false,"flipY":false,"sizeMode":0,"isScreenImage":false,"drawMode":"Normal","stretchMode":0,"filledType":0,"startPoint":0,"filledRange":1,"ellipseX":1,"ellipseY":1,"alphaNOPM":true,"expanded":true,"editable":true,"inspectorUIStates":{},"_lazyUpgrateVersion":{"_major":0,"_minor":0,"_patch":0},"enabled":true,"prefabObjectGuid":{"_rtti":{}}}}],"properties":{"visible":true}},{"name":"Freeze Frame[Don't edit]","guid":"Guid(6359363172816832690, 5196105891790068156)","components":[{"name":"ScreenTransformComponentEditor","guid":"Guid(7729057057846634687, 10179260965910021263)","properties":{"guid":{"_rtti":{}},"objGuid":"Guid(7729057057846634687, 10179260965910021263)","name":"","version":{"_major":0,"_minor":1,"_patch":0},"isVisibleInInspector":true,"hideInPanel":false,"extraType":"ScreenTransform","rttiType":"ScreenTransform","horizontalConstraint":2,"verticalConstraint":2,"linkageScale":0,"linkageSize":0,"anchoredPosition":{"x":0,"y":0},"sizeDelta":{"x":720,"y":1280},"pivot":{"x":0.5,"y":0.5},"rotation":0,"scale":{"x":1,"y":1},"pixelsPerUnit":32,"anchors":{"x":0.5,"y":0.5,"z":0.5,"w":0.5},"expanded":true,"editable":true,"inspectorUIStates":{},"_lazyUpgrateVersion":{"_major":0,"_minor":0,"_patch":0},"enabled":true,"prefabObjectGuid":{"_rtti":{}}}},{"name":"ImageComponentEditor","guid":"Guid(2399498673418676649, 14144129658939467196)","properties":{"guid":{"_rtti":{}},"objGuid":"Guid(2399498673418676649, 14144129658939467196)","name":"","version":{"_major":0,"_minor":1,"_patch":0},"isVisibleInInspector":true,"hideInPanel":false,"extraType":"Image","rttiType":"Image","sharedMaterial":{"asset":"Shared/Cache/BuiltInAssets/00000000-0000-0000-0000-000000000132/Image_Default_Normal_MaterialNOPM.omtl"},"texture":{"asset":"Shared/Cache/BuiltInAssets/00000000-0000-0000-0000-0000000000c0/Default_Texture.png"},"segBlendMode":"Normal_v2","segRadius":0.5,"segSoftness":0.5,"blendMode":"Normal","opacity":1,"color":{"r":1,"g":1,"b":1,"a":1},"size":{"x":10,"y":10},"pivot":{"x":0.5,"y":0.5},"flipX":false,"flipY":false,"sizeMode":0,"isScreenImage":false,"drawMode":"Normal","stretchMode":0,"filledType":0,"startPoint":0,"filledRange":1,"ellipseX":1,"ellipseY":1,"alphaNOPM":true,"expanded":true,"editable":true,"inspectorUIStates":{},"_lazyUpgrateVersion":{"_major":0,"_minor":0,"_patch":0},"enabled":true,"prefabObjectGuid":{"_rtti":{}}}}],"properties":{"visible":true}}],"components":[{"name":"ScreenTransformComponentEditor","guid":"Guid(14645719224781459720, 16734196807249888923)","properties":{"guid":{"_rtti":{}},"objGuid":"Guid(14645719224781459720, 16734196807249888923)","name":"","version":{"_major":0,"_minor":1,"_patch":0},"isVisibleInInspector":true,"hideInPanel":false,"extraType":"ScreenTransform","rttiType":"ScreenTransform","horizontalConstraint":2,"verticalConstraint":2,"linkageScale":0,"linkageSize":0,"anchoredPosition":{"x":0,"y":0},"sizeDelta":{"x":720,"y":1280},"pivot":{"x":0.5,"y":0.5},"rotation":0,"scale":{"x":1,"y":1},"pixelsPerUnit":32,"anchors":{"x":0.5,"y":0.5,"z":0.5,"w":0.5},"expanded":true,"editable":true,"inspectorUIStates":{},"_lazyUpgrateVersion":{"_major":0,"_minor":0,"_patch":0},"enabled":true,"prefabObjectGuid":{"_rtti":{}}}}],"properties":{"visible":true}},{"name":"AI Art Image[Edit Style]","guid":"Guid(3981995323580105466, 10985779980817954976)","components":[{"name":"ScreenTransformComponentEditor","guid":"Guid(1174810657475272074, 11168321702533009331)","properties":{"guid":{"_rtti":{}},"objGuid":"Guid(1174810657475272074, 11168321702533009331)","name":"","version":{"_major":0,"_minor":1,"_patch":0},"isVisibleInInspector":true,"hideInPanel":false,"extraType":"ScreenTransform","rttiType":"ScreenTransform","horizontalConstraint":2,"verticalConstraint":2,"linkageScale":0,"linkageSize":0,"anchoredPosition":{"x":0,"y":0},"sizeDelta":{"x":720,"y":1280},"pivot":{"x":0.5,"y":0.5},"rotation":0,"scale":{"x":1,"y":1},"pixelsPerUnit":32,"anchors":{"x":0.5,"y":0.5,"z":0.5,"w":0.5},"expanded":false,"editable":true,"inspectorUIStates":{},"_lazyUpgrateVersion":{"_major":0,"_minor":0,"_patch":0},"enabled":true,"prefabObjectGuid":{"_rtti":{}}}},{"name":"ImageComponentEditor","guid":"Guid(11405350650361477595, 18271952080022672008)","properties":{"guid":{"_rtti":{}},"objGuid":"Guid(11405350650361477595, 18271952080022672008)","name":"","version":{"_major":0,"_minor":1,"_patch":0},"isVisibleInInspector":true,"hideInPanel":false,"extraType":"Image","rttiType":"Image","sharedMaterial":{"asset":"Shared/Cache/BuiltInAssets/00000000-0000-0000-0000-000000000132/Image_Default_Normal_MaterialNOPM.omtl"},"texture":{"asset":"Assets/ArtMakerSlideAssets/AITexture/AI Art Image [EDIT].OAIDrawTextureJSA"},"segBlendMode":"Normal_v2","segRadius":0.5,"segSoftness":0.5,"blendMode":"Normal","opacity":1,"color":{"r":1,"g":1,"b":1,"a":1},"size":{"x":10,"y":10},"pivot":{"x":0.5,"y":0.5},"flipX":false,"flipY":false,"sizeMode":0,"isScreenImage":false,"drawMode":"Normal","stretchMode":5,"filledType":0,"startPoint":0,"filledRange":1,"ellipseX":1,"ellipseY":1,"alphaNOPM":true,"expanded":true,"editable":true,"inspectorUIStates":{},"_lazyUpgrateVersion":{"_major":0,"_minor":0,"_patch":0},"enabled":true,"prefabObjectGuid":{"_rtti":{}}}}],"properties":{"visible":true}},{"name":"UI","guid":"Guid(1315497905037579488, 18320488048379701636)","childSceneObjects":[{"name":"Loading Spinner","guid":"Guid(9101182663571681421, 1401790308446323093)","childSceneObjects":[{"name":"Loading Text","guid":"Guid(1172325776846102851, 12999937355561339276)","components":[{"name":"ScreenTransformComponentEditor","guid":"Guid(1030686538665322666, 731141005430710684)","properties":{"guid":{"_rtti":{}},"objGuid":"Guid(1030686538665322666, 731141005430710684)","name":"","version":{"_major":0,"_minor":1,"_patch":0},"isVisibleInInspector":true,"hideInPanel":false,"extraType":"ScreenTransform","rttiType":"ScreenTransform","horizontalConstraint":2,"verticalConstraint":2,"linkageScale":0,"linkageSize":0,"anchoredPosition":{"x":0,"y":-162},"sizeDelta":{"x":720,"y":1280},"pivot":{"x":0.5,"y":0.5},"rotation":0,"scale":{"x":1,"y":1},"pixelsPerUnit":32,"anchors":{"x":0.5,"y":0.5,"z":0.5,"w":0.5},"expanded":true,"editable":true,"inspectorUIStates":{},"_lazyUpgrateVersion":{"_major":0,"_minor":1,"_patch":0},"enabled":true,"prefabObjectGuid":{"_rtti":{}}}},{"name":"TextJSComponentEditor","guid":"Guid(7946346865318875138, 5401400775751404434)","properties":{"input":"Only a few more seconds. \nHang tight!","textAdaptiveCanvasEnabled":false,"fontSize":42,"fontType":"Classic.ttf","letterFillMode":0,"letterGradientQuality":0,"letterColor":{"r":1,"g":1,"b":1,"a":1},"letterGradientColor1":{"r":1,"g":1,"b":1,"a":1},"letterGradientColor2":{"r":1,"g":1,"b":1,"a":1},"letterGradientColor3":{"r":1,"g":1,"b":1,"a":1},"letterGradientColorPos1":0,"letterGradientColorPos2":1,"letterGradientColorPos3":0.5,"letterGradientAngle":90,"letterGradientRangeMode":1,"letterTexture":{"asset":"Shared/Cache/BuiltInAssets/00000000-0000-0000-0000-00000000001c/defaultWhite.png"},"letterTextureScale":1,"letterTextureOffsetX":0,"letterTextureOffsetY":0,"letterAlpha":1,"textFillArea":0,"letterTextureFlipX":false,"letterTextureFlipY":false,"letterTextureAlpha":1,"letterTextureAngle":0,"letterTextureRange":-1,"bold":false,"italic":false,"underline":false,"enableRTL":true,"writingDirection":0,"autoFontSizeMin":24,"autoFontSizeMax":96,"autoFontSizeMinEditor":24,"autoFontSizeMaxEditor":96,"verticalAlignment":1,"horizontalAlignment":1,"letterSpacing":0.02,"lineSpacing":0.3,"artTextDropdown":"00000000-0000-0000-0000-000000008000","artText":{"asset":"Shared/Cache/BuiltInAssets/00000000-0000-0000-0000-000000008000/None.oart"},"artTextNameDropdown":"00000000-0000-0000-0000-000000008000","backgroundEnable":false,"letterBgFillMode":0,"letterBgGradientQuality":0,"letterBgColor":{"r":0,"g":0,"b":0,"a":1},"letterBgGradientColor1":{"r":0,"g":0,"b":0,"a":1},"letterBgGradientColor2":{"r":0,"g":0,"b":0,"a":1},"letterBgGradientColor3":{"r":0,"g":0,"b":0,"a":1},"letterBgGradientColorPos1":0,"letterBgGradientColorPos2":1,"letterBgGradientColorPos3":0.5,"letterBgGradientAngle":90,"letterBgTexture":{"asset":"Shared/Cache/BuiltInAssets/00000000-0000-0000-0000-00000000001d/defaultBlack.png"},"letterBgTextureScale":1,"letterBgTextureOffsetX":0,"letterBgTextureOffsetY":0,"letterBgAlpha":1,"letterBgWidthCustomized":0,"letterBgHeightCustomized":0,"letterBgRoundRadiusScale":0,"textinputLock":false,"outlineEnable":false,"outlineColorRGBA":{"r":0,"g":0,"b":0,"a":1},"outlineAlpha":1,"outlineWidth":30,"shadowEnable":false,"shadowColorRGBA":{"r":0,"g":0,"b":0,"a":1},"shadowAlpha":0.9,"shadowDistance":10,"shadowAngle":-45,"shadowSmooth":0,"shadowSmoothVersion":0,"innerShadowEnable":false,"innerShadowFillMode":0,"innerShadowGradientQuality":0,"innerShadowColorRGBA":{"r":0,"g":0,"b":0,"a":1},"innerShadowGradientColor1":{"r":0,"g":0,"b":0,"a":1},"innerShadowGradientColor2":{"r":0,"g":0,"b":0,"a":1},"innerShadowGradientColor3":{"r":0,"g":0,"b":0,"a":1},"innerShadowGradientColorPos1":0,"innerShadowGradientColorPos2":1,"innerShadowGradientColorPos3":0.5,"innerShadowGradientAngle":90,"innerShadowGradientRangeMode":1,"innerShadowTexture":{"asset":"Shared/Cache/BuiltInAssets/00000000-0000-0000-0000-00000000001d/defaultBlack.png"},"innerShadowTextureScale":1,"innerShadowTextureOffsetX":0,"innerShadowTextureOffsetY":0,"innerShadowAlpha":0.9,"innerShdadowTextFillArea":0,"innerShadowTextureFlipX":false,"innerShadowTextureFlipY":false,"innerShadowTextureAlpha":1,"innerShadowTextureAngle":0,"innerShadowTextureRange":-1,"innerShadowDistance":5,"innerShadowAngle":-30,"innerShadowSmooth":0,"autoSortingOrder":true,"sortingOrder":5,"glow":false,"bloomColor":{"r":1,"g":1,"b":1,"a":1},"bloomOption":"OutWard","glowIntensity":0.5,"glowRange":0.5,"glowHorizontalAngle":0,"glowVerticalAngle":0,"TextGlowMaterial":{"asset":"Shared/Cache/BuiltInAssets/00000000-0000-0000-0000-000000001559/textGlow_Material.omtl"},"TextNeonGlowMaterial":{"asset":"Shared/Cache/BuiltInAssets/00000000-0000-0000-0000-000000001568/textNeonGlow_Material.omtl"},"canvasSize":{"x":720,"y":1280},"hasScreenTransform":true,"outlineLayers":[],"shadowLayers":[],"forceUpdateArtText":false,"bendType":0,"arcAngle":0}}],"properties":{"visible":true}}],"components":[{"name":"ScreenTransformComponentEditor","guid":"Guid(8666996975958678328, 16306779983704700039)","properties":{"guid":{"_rtti":{}},"objGuid":"Guid(8666996975958678328, 16306779983704700039)","name":"","version":{"_major":0,"_minor":1,"_patch":0},"isVisibleInInspector":true,"hideInPanel":false,"extraType":"ScreenTransform","rttiType":"ScreenTransform","horizontalConstraint":2,"verticalConstraint":2,"linkageScale":1,"linkageSize":0,"anchoredPosition":{"x":0,"y":58},"sizeDelta":{"x":184,"y":184.00289916992188},"pivot":{"x":0.5,"y":0.5},"rotation":0,"scale":{"x":1,"y":1},"pixelsPerUnit":32,"anchors":{"x":0.5,"y":0.5,"z":0.5,"w":0.5},"expanded":true,"editable":true,"inspectorUIStates":{},"_lazyUpgrateVersion":{"_major":0,"_minor":1,"_patch":0},"enabled":true,"prefabObjectGuid":{"_rtti":{}}}},{"name":"ImageComponentEditor","guid":"Guid(3045035173414741014, 9354243183319924909)","properties":{"guid":{"_rtti":{}},"objGuid":"Guid(3045035173414741014, 9354243183319924909)","name":"","version":{"_major":0,"_minor":1,"_patch":0},"isVisibleInInspector":true,"hideInPanel":false,"extraType":"Image","rttiType":"Image","sharedMaterial":{"asset":"Shared/Cache/BuiltInAssets/00000000-0000-0000-0000-000000000132/Image_Default_Normal_MaterialNOPM.omtl"},"texture":{"asset":"Assets/ArtMakerSlideAssets/Textures/Animated Textures/LoadingSpinner_AnimTex.OseqJSA"},"segBlendMode":"Normal_v2","segRadius":0.5,"segSoftness":0.5,"blendMode":"Normal","opacity":1,"color":{"r":1,"g":1,"b":1,"a":1},"size":{"x":10,"y":10},"pivot":{"x":0.5,"y":0.5},"flipX":false,"flipY":false,"sizeMode":0,"isScreenImage":false,"drawMode":"Normal","stretchMode":0,"filledType":0,"startPoint":0,"filledRange":1,"ellipseX":1,"ellipseY":1,"alphaNOPM":true,"expanded":true,"editable":true,"inspectorUIStates":{},"_lazyUpgrateVersion":{"_major":0,"_minor":0,"_patch":0},"enabled":true,"prefabObjectGuid":{"_rtti":{}}}}],"properties":{"visible":true}},{"name":"Backdrop","guid":"Guid(887080874068548080, 6741541770749801109)","components":[{"name":"ScreenTransformComponentEditor","guid":"Guid(5354108623819324354, 12499813618298147742)","properties":{"guid":{"_rtti":{}},"objGuid":"Guid(5354108623819324354, 12499813618298147742)","name":"","version":{"_major":0,"_minor":1,"_patch":0},"isVisibleInInspector":true,"hideInPanel":false,"extraType":"ScreenTransform","rttiType":"ScreenTransform","horizontalConstraint":2,"verticalConstraint":2,"linkageScale":0,"linkageSize":0,"anchoredPosition":{"x":0,"y":0},"sizeDelta":{"x":720,"y":1280},"pivot":{"x":0.5,"y":0.5},"rotation":0,"scale":{"x":1,"y":1},"pixelsPerUnit":32,"anchors":{"x":0.5,"y":0.5,"z":0.5,"w":0.5},"expanded":true,"editable":true,"inspectorUIStates":{},"_lazyUpgrateVersion":{"_major":0,"_minor":0,"_patch":0},"enabled":true,"prefabObjectGuid":{"_rtti":{}}}},{"name":"ImageComponentEditor","guid":"Guid(10397815662308687348, 14199075194635435173)","properties":{"guid":{"_rtti":{}},"objGuid":"Guid(10397815662308687348, 14199075194635435173)","name":"","version":{"_major":0,"_minor":1,"_patch":0},"isVisibleInInspector":true,"hideInPanel":false,"extraType":"Image","rttiType":"Image","sharedMaterial":{"asset":"Shared/Cache/BuiltInAssets/00000000-0000-0000-0000-000000000132/Image_Default_Normal_MaterialNOPM.omtl"},"texture":{"asset":"Shared/Cache/BuiltInAssets/00000000-0000-0000-0000-000000001543/White_Texture.png"},"segBlendMode":"Normal_v2","segRadius":0.5,"segSoftness":0.5,"blendMode":"Normal","opacity":0.30000001192092896,"color":{"r":0,"g":0,"b":0,"a":1},"size":{"x":10,"y":10},"pivot":{"x":0.5,"y":0.5},"flipX":false,"flipY":false,"sizeMode":0,"isScreenImage":false,"drawMode":"Normal","stretchMode":4,"filledType":0,"startPoint":0,"filledRange":1,"ellipseX":1,"ellipseY":1,"alphaNOPM":true,"expanded":true,"editable":true,"inspectorUIStates":{},"_lazyUpgrateVersion":{"_major":0,"_minor":0,"_patch":0},"enabled":true,"prefabObjectGuid":{"_rtti":{}}}}],"properties":{"visible":true}},{"name":"Countdown","guid":"Guid(3693910334477207135, 12369316697887061423)","components":[{"name":"ScreenTransformComponentEditor","guid":"Guid(9461721450281642509, 5191220968428374156)","properties":{"guid":{"_rtti":{}},"objGuid":"Guid(9461721450281642509, 5191220968428374156)","name":"","version":{"_major":0,"_minor":1,"_patch":0},"isVisibleInInspector":true,"hideInPanel":false,"extraType":"ScreenTransform","rttiType":"ScreenTransform","horizontalConstraint":2,"verticalConstraint":2,"linkageScale":0,"linkageSize":0,"anchoredPosition":{"x":0,"y":0},"sizeDelta":{"x":180,"y":180},"pivot":{"x":0.5,"y":0.5},"rotation":0,"scale":{"x":1,"y":1},"pixelsPerUnit":32,"anchors":{"x":0.5,"y":0.5,"z":0.5,"w":0.5},"expanded":true,"editable":true,"inspectorUIStates":{},"_lazyUpgrateVersion":{"_major":0,"_minor":0,"_patch":0},"enabled":true,"prefabObjectGuid":{"_rtti":{}}}},{"name":"ImageComponentEditor","guid":"Guid(12197847474721826883, 13485536865141535377)","properties":{"guid":{"_rtti":{}},"objGuid":"Guid(12197847474721826883, 13485536865141535377)","name":"","version":{"_major":0,"_minor":1,"_patch":0},"isVisibleInInspector":true,"hideInPanel":false,"extraType":"Image","rttiType":"Image","sharedMaterial":{"asset":"Shared/Cache/BuiltInAssets/00000000-0000-0000-0000-000000000132/Image_Default_Normal_MaterialNOPM.omtl"},"texture":{"asset":"Assets/ArtMakerSlideAssets/Textures/Animated Textures/Countdown_AnimationTex.animTex"},"segBlendMode":"Normal_v2","segRadius":0.5,"segSoftness":0.5,"blendMode":"Normal","opacity":1,"color":{"r":1,"g":1,"b":1,"a":1},"size":{"x":10,"y":10},"pivot":{"x":0.5,"y":0.5},"flipX":false,"flipY":false,"sizeMode":0,"isScreenImage":false,"drawMode":"Normal","stretchMode":0,"filledType":0,"startPoint":0,"filledRange":1,"ellipseX":1,"ellipseY":1,"alphaNOPM":true,"expanded":true,"editable":true,"inspectorUIStates":{},"_lazyUpgrateVersion":{"_major":0,"_minor":0,"_patch":0},"enabled":true,"prefabObjectGuid":{"_rtti":{}}}}],"properties":{"visible":true}},{"name":"Restart","guid":"Guid(162154566580528247, 11148794336006218642)","components":[{"name":"ScreenTransformComponentEditor","guid":"Guid(16090208010057947252, 15585151739207825045)","properties":{"guid":{"_rtti":{}},"objGuid":"Guid(16090208010057947252, 15585151739207825045)","name":"","version":{"_major":0,"_minor":1,"_patch":0},"isVisibleInInspector":true,"hideInPanel":false,"extraType":"ScreenTransform","rttiType":"ScreenTransform","horizontalConstraint":2,"verticalConstraint":2,"linkageScale":1,"linkageSize":0,"anchoredPosition":{"x":0,"y":0},"sizeDelta":{"x":200,"y":200},"pivot":{"x":0.5,"y":0.5},"rotation":0,"scale":{"x":1,"y":1},"pixelsPerUnit":32,"anchors":{"x":0.5,"y":0.5,"z":0.5,"w":0.5},"expanded":true,"editable":true,"inspectorUIStates":{},"_lazyUpgrateVersion":{"_major":0,"_minor":1,"_patch":0},"enabled":true,"prefabObjectGuid":{"_rtti":{}}}},{"name":"ImageComponentEditor","guid":"Guid(1100776304713857996, 4296278922211050387)","properties":{"guid":{"_rtti":{}},"objGuid":"Guid(1100776304713857996, 4296278922211050387)","name":"","version":{"_major":0,"_minor":1,"_patch":0},"isVisibleInInspector":true,"hideInPanel":false,"extraType":"Image","rttiType":"Image","sharedMaterial":{"asset":"Shared/Cache/BuiltInAssets/00000000-0000-0000-0000-000000000132/Image_Default_Normal_MaterialNOPM.omtl"},"texture":{"asset":"Assets/ArtMakerSlideAssets/Textures/Graphics/Retry_Tex.png"},"segBlendMode":"Normal_v2","segRadius":0.5,"segSoftness":0.5,"blendMode":"Normal","opacity":1,"color":{"r":1,"g":1,"b":1,"a":1},"size":{"x":10,"y":10},"pivot":{"x":0.5,"y":0.5},"flipX":false,"flipY":false,"sizeMode":0,"isScreenImage":false,"drawMode":"Normal","stretchMode":0,"filledType":0,"startPoint":0,"filledRange":1,"ellipseX":1,"ellipseY":1,"alphaNOPM":true,"expanded":true,"editable":true,"inspectorUIStates":{},"_lazyUpgrateVersion":{"_major":0,"_minor":1,"_patch":0},"enabled":true,"prefabObjectGuid":{"_rtti":{}}}}],"properties":{"visible":true}}],"components":[{"name":"ScreenTransformComponentEditor","guid":"Guid(2182019845963275217, 8367641458855967141)","properties":{"guid":{"_rtti":{}},"objGuid":"Guid(2182019845963275217, 8367641458855967141)","name":"","version":{"_major":0,"_minor":1,"_patch":0},"isVisibleInInspector":true,"hideInPanel":false,"extraType":"ScreenTransform","rttiType":"ScreenTransform","horizontalConstraint":2,"verticalConstraint":2,"linkageScale":0,"linkageSize":0,"anchoredPosition":{"x":0,"y":0},"sizeDelta":{"x":720,"y":1280},"pivot":{"x":0.5,"y":0.5},"rotation":0,"scale":{"x":1,"y":1},"pixelsPerUnit":32,"anchors":{"x":0.5,"y":0.5,"z":0.5,"w":0.5},"expanded":true,"editable":true,"inspectorUIStates":{},"_lazyUpgrateVersion":{"_major":0,"_minor":0,"_patch":0},"enabled":true,"prefabObjectGuid":{"_rtti":{}}}}],"properties":{"visible":true}}],"components":[{"name":"ExtraDataTransform","guid":"Guid(7874160789305860195, 16354778231446732189)","properties":{"guid":{"_rtti":{}},"objGuid":"Guid(7874160789305860195, 16354778231446732189)","name":"","version":{"_major":0,"_minor":1,"_patch":0},"isVisibleInInspector":true,"hideInPanel":false,"extraType":"Transform","rttiType":"Transform","localPosition":{"x":0,"y":0,"z":40},"localScale":{"x":1,"y":1,"z":1},"eulerAngle":{"x":0,"y":0,"z":0},"linkage":0,"expanded":true,"editable":true,"inspectorUIStates":{},"_lazyUpgrateVersion":{"_major":0,"_minor":0,"_patch":0},"enabled":true,"prefabObjectGuid":{"_rtti":{}}}},{"name":"ExtraDataCamera","guid":"Guid(8164613331701083821, 6924785323031688081)","properties":{"renderLayer":{"_rtti":{}},"renderTexture":{"asset":"Shared/Cache/BuiltInAssets/00000000-0000-0000-0000-000000000009/Final Render Output.rt"},"enableMask":false,"renderOrder":0,"viewport":{"x":0,"y":0,"width":1,"height":1},"cameraType":1,"orthoHeight":20,"physicalFovy":false,"physicalFovyUI":false,"fov":60,"fovUI":60,"near":0.10000000149011612,"far":1000,"clearType":2,"colorClearOpts":2,"clearColor":{"r":0,"g":0,"b":0,"a":1},"cachedInputTexture":{"asset":"00000000-0000-0000-0000-00000000004b"},"clearDepth":true,"sortMethod":0,"isAnimatorBound":false,"fitMode":1}}],"properties":{"visible":true}}],"components":[{"name":"ExtraDataTransform","guid":"Guid(17604391571626328540, 14611801297014328221)","properties":{"guid":{"_rtti":{}},"objGuid":"Guid(17604391571626328540, 14611801297014328221)","name":"","version":{"_major":0,"_minor":1,"_patch":0},"isVisibleInInspector":true,"hideInPanel":false,"extraType":"Transform","rttiType":"Transform","localPosition":{"x":0,"y":0,"z":0},"localScale":{"x":1,"y":1,"z":1},"eulerAngle":{"x":0,"y":0,"z":0},"linkage":0,"expanded":true,"editable":true,"inspectorUIStates":{},"_lazyUpgrateVersion":{"_major":0,"_minor":0,"_patch":0},"enabled":true,"prefabObjectGuid":{"_rtti":{}}}},{"name":"EffectNodeEditor","guid":"Guid(7224746365179119058, 11765816047390444946)","properties":{"type":4,"renderOrder":9002,"outputTextures":[{"asset":"Shared/Cache/BuiltInAssets/00000000-0000-0000-0000-000000000009/Final Render Output.rt"}],"sortMethod":0,"enableInputTexture":false,"inputTexture":{"asset":"00000000-0000-0000-0000-00000000004b"}}}],"properties":{"visible":true}}],"assets":["Assets/ArtMakerSlideAssets/AITexture/AI Art Image [EDIT].OAIDrawTextureJSA","Assets/ArtMakerSlideAssets/Textures/Animated Textures/Countdown_AnimationTex.animTex","Assets/ArtMakerSlideAssets/Textures/Animated Textures/LoadingSpinner_AnimTex.OseqJSA","Assets/ArtMakerSlideAssets/Textures/Graphics/Retry_Tex.png","Assets/ArtMakerSlideAssets/Textures/TextureSequenceAssets/Countdown_TexSequence.otextureseq","Assets/ArtMakerSlideAssets/Textures/TextureSequenceAssets/LoadingSpinner_TexSequences.otextureseq","Assets/ArtMakerSlideAssets/Textures/UserMediaTextures/UserMedi_Tex.uumt","Assets/ArtMakerSlideAssets/Transitions/Open From Left/Materials/Open From Left.omtl","Assets/ArtMakerSlideAssets/Transitions/Open From Left/ProgressControllerLogic/ProgressControllerLogic.compgraph","Assets/ArtMakerSlideAssets/Transitions/Open From Left/Textures/black_rect.png"],"templateID":"7468861229222838289"}}},{"actionId":"82187434-9ca0-d427-9b95-684722ea583e","action":{"name":"SetObjectProperty","data":{"input":{"obj":{"asset":"Assets/ArtMakerSlideAssets/AITexture/AI Art Image [EDIT].OAIDrawTextureJSA"},"key":"prompt","value":"Put the people in a Tokyo street, neon lights, shop"}}}},{"actionId":"605dc810-7604-d996-1cb3-4d935817be77","action":{"name":"SetObjectProperty","data":{"input":{"obj":{"asset":"Assets/ArtMakerSlideAssets/AITexture/AI Art Image [EDIT].OAIDrawTextureJSA"},"key":"baseModel","value":"Image Edit 4.0"}}}},{"actionId":"ce543c1e-7bfa-9a94-51d4-5e45108e3065","action":{"name":"SetObjectProperty","data":{"input":{"obj":{"asset":"Assets/ArtMakerSlideAssets/AITexture/AI Art Image [EDIT].OAIDrawTextureJSA"},"key":"styleName","value":"Image Edit 4.0"}}}},{"actionId":"9b4fd96a-124e-901c-447a-5e00d40057b1","action":{"name":"SetObjectProperty","data":{"input":{"obj":{"asset":"Assets/ArtMakerSlideAssets/AITexture/AI Art Image [EDIT].OAIDrawTextureJSA"},"key":"uiConfig","value":"[{\"type\":\"is_ref_img\",\"ref_img_on\":{\"sub_reqs\":{\"all\":{\"req_key\":\"tt_comfy_utils_tce\",\"req_json\":{\"workflow\":\"aigc_online_workflows/1201_seed4s_base.json\"}}}},\"ref_img_off\":{\"sub_reqs\":{\"all\":{\"req_key\":\"tt_comfy_utils_tce\",\"req_json\":{\"workflow\":\"aigc_online_workflows/1201_seedream4s_base_single_image.json\"}}}}}]"}}}},{"actionId":"0ae4016f-d9ba-0ea6-b4a8-143472d39a60","action":{"name":"SetObjectProperty","data":{"input":{"obj":{"asset":"Assets/ArtMakerSlideAssets/AITexture/AI Art Image [EDIT].OAIDrawTextureJSA"},"key":"styleImage","value":"https://lf16-effectcdn-va.tiktokcdn.com/obj/ies-fe-effect-va/b87894deb38750381b1a6940154c73af"}}}},{"actionId":"5b97d6ea-236a-c68c-28d4-acb882ca8394","action":{"name":"SetObjectProperty","data":{"input":{"obj":{"asset":"Assets/ArtMakerSlideAssets/AITexture/AI Art Image [EDIT].OAIDrawTextureJSA"},"key":"negativePrompt","value":{}}}}},{"actionId":"98363e4a-8071-6e3d-08b2-c5cc63d46b5b","action":{"name":"SetObjectProperty","data":{"input":{"obj":{"asset":"Assets/ArtMakerSlideAssets/AITexture/AI Art Image [EDIT].OAIDrawTextureJSA"},"key":"effectPassThroughData","value":"{\"blitSizeLimit\":{\"width\":960,\"height\":1280}}"}}}},{"actionId":"3b166df5-a046-7334-78e8-f8d5c7125453","action":{"name":"ImportAssetPackage","data":{"input":{"name":"Glow Close","id":"7418470841484230672"},"output":{"assets":["Assets/Glow Close/Materials/GlowClose_Mat.omtl","Assets/Glow Close/Prefabs/Glow Close.prefab","Assets/Glow Close/ProgressControllerLogic/ProgressControllerLogic.compgraph"]}}}},{"actionId":"62f1a3f5-b325-2043-3598-447f5979f79b","action":{"name":"SetObjectProperty","data":{"input":{"obj":{"asset":"Assets/ArtMakerSlideAssets/AITexture/AI Art Image [EDIT].OAIDrawTextureJSA"},"key":"transition","value":{"asset":"Assets/Glow Close/Materials/GlowClose_Mat.omtl"}}}}}]}