{
	"name": "Resume Recording",
	"id": "B59453CF-F846-DA9C-0FBE-254DE753D1A4",
	"inputs": [
		{
			"name": "Enter",
			"description": "The input execution that triggers this node",
			"type": "Pulse",
			"displayType": "Exec",
			"nameKey": "graph_resume_recording_input_enter",
			"descriptionKey": "graph_resume_recording_input_enter_description",
			"displayTypeKey": "graph_type_exec"
		}
	],
	"outputs": [
		{
			"name": "Next",
			"type": "Pulse",
			"description": "Executes the next node",
			"displayType": "Exec",
			"nameKey": "graph_resume_recording_output_next",
			"descriptionKey": "graph_resume_recording_output_next_description",
			"displayTypeKey": "graph_type_exec"
		}
	],
	"js": "CGResumeRecord.js",
	"version": "1.0.0",
	"SDKVersion": "16.9.0",
	"category": "Utility",
	"description": "Resumes video recording if it has been paused beforehand",
	"productTypes": [
		"EHO"
	],
	"showInLibrary":["EHI"],
	"nodeEvent": [
		"beforeStart",
		"onDestroy"
	],
	"copyEnable": false,
	"nameKey": "graph_resume_recording_name",
	"categoryKey": "graph_category_utility",
	"descriptionKey": "graph_resume_recording_description",
	"contentFeature": ["ResumeRecord"]
}