{
	"name": "Stop Recording",
	"id": "1224FB41-636E-129A-279D-05BCFCA3CB34",
	"inputs": [
		{
			"name": "Enter",
			"description": "The input execution that triggers this node",
			"type": "Pulse",
			"displayType": "Exec",
			"nameKey": "graph_stop_recording_input_enter",
			"descriptionKey": "graph_stop_recording_input_enter_description",
			"displayTypeKey": "graph_type_exec"
		}
	],
	"outputs": [
		{
			"name": "Next",
			"type": "Pulse",
			"description": "Executes the next node",
			"displayType": "Exec",
			"nameKey": "graph_stop_recording_output_next",
			"descriptionKey": "graph_stop_recording_output_next_description",
			"displayTypeKey": "graph_type_exec"
		}
	],
	"js": "CGStopRecord.js",
	"version": "1.0.0",
	"SDKVersion": "16.9.0",
	"category": "Utility",
	"description": "Ends video recording and saves the recorded video for editing",
	"productTypes": [
		"EHO"
	],
	"showInLibrary":["EHI"],
	"nodeEvent": [
		"beforeStart",
		"onDestroy"
	],
	"copyEnable": false,
	"nameKey": "graph_stop_recording_name",
	"categoryKey": "graph_category_utility",
	"descriptionKey": "graph_stop_recording_description",
	"contentFeature": ["StopRecord"]
}