{"worldForce":{"x":0,"y":-9.800000190734863,"z":0},"bounceThreshold":5,"substeps":5,"framerateIndependence":false,"fixedTimestep":0.02,"maxAllowedTimestep":0.333,"timeScale":1,"contactVelocitySolveIter":5,"contactPositionSolveIter":5,"distanceIterations":5,"angularIterations":5,"bendingIterations":5,"tetherIterations":5,"version":"0.0.1","balloonIterations":2,"tetVolumeIterations":5,"physicsCollisionConfigure":{"arr":"[[true,true,true,true,true,true,true,true,true,true],[true,true,true,true,true,true,true,true,true,true],[true,true,true,true,true,true,true,true,true,true],[true,true,true,true,true,true,true,true,true,true],[true,true,true,true,true,true,true,true,true,true],[true,true,true,true,true,true,true,true,true,true],[true,true,true,true,true,true,true,true,true,true],[true,true,true,true,true,true,true,true,true,true],[true,true,true,true,true,true,true,true,true,true],[true,true,true,true,true,true,true,true,true,true]]"}}