{"physics2d_timespeed":1,"physics2d_gravity":{"x":0,"y":-9.8},"physics2d_contactVelocitySolveIter":5,"physics2d_positionSolveIter":5,"physics2d_particle2d_substeps":2,"physics2d_particle2d_size":0.3,"physics2d_particle2d_density":1,"physics2d_particle2d_damping":0.6,"physics2d_particle2d_viscosity":0,"physics2d_particle2d_static_pressure":0,"physics2d_particle2d_surface_tension":0,"physics2d_particle2d_particle_limitation":3000,"physicsCollisionConfigure2D":{"arr":"[[true,true,true,true,true,true,true,true,true,true],[true,true,true,true,true,true,true,true,true,true],[true,true,true,true,true,true,true,true,true,true],[true,true,true,true,true,true,true,true,true,true],[true,true,true,true,true,true,true,true,true,true],[true,true,true,true,true,true,true,true,true,true],[true,true,true,true,true,true,true,true,true,true],[true,true,true,true,true,true,true,true,true,true],[true,true,true,true,true,true,true,true,true,true],[true,true,true,true,true,true,true,true,true,true]]"}}