{
	"name": "Get Visibility",
	"id": "cfeddcf4-f11a-8907-cb1c-d45548103bc4",
	"inputs": [
		{
			"name": "Target",
			"type": "Entity",
			"description": "The Scene Object to get the visibility status",
			"displayType": "Scene Object",
			"nameKey": "graph_get_visibility_input_target",
			"descriptionKey": "graph_get_visibility_input_target_description",
			"displayTypeKey": "graph_type_sceneobject"
		}
	],
	"outputs": [
		{
			"name": "Visibility",
			"type": "Bool",
			"description": "The visibility status, true for visible, false for invisible",
			"displayType": "Boolean",
			"nameKey": "graph_get_visibility_output_visibility",
			"descriptionKey": "graph_get_visibility_output_visibility_description",
			"displayTypeKey": "graph_type_boolean"
		}
	],
	"js": "CGEntityGetVisible.js",
	"version": "1.1.0",
	"category": "Utility",
	"description": "Get the visibility status of a Scene Object.",
	"productTypes": [
		"EHO",
		"EHD",
		"EHI"
	],
	"onlineWebsite": "graph_get_visibility_website",
	"nameKey": "graph_get_visibility_name",
	"categoryKey": "graph_category_utility",
	"descriptionKey": "graph_get_visibility_description"
}