{
	"name": "AI Generation Controller",
	"id": "1be8a274-2f5b-e92e-9b38-g560091a7f8c",
	"inputs": [
		{
			"name": "Start",
			"description": "Begins the generation process",
			"type": "Pulse",
			"displayType": "Exec",
			"nameKey": "graph_ai_generation_controller_input_start",
			"descriptionKey": "graph_ai_generation_controller_input_start_description",
			"displayTypeKey": "graph_type_exec"
		},
		{
			"name": "Stop",
			"description": "Ends the generation process",
			"type": "Pulse",
			"displayType": "Exec",
			"nameKey": "graph_ai_generation_controller_input_stop",
			"descriptionKey": "graph_ai_generation_controller_input_stop_description",
			"displayTypeKey": "graph_type_exec"
		},
		{
			"name": "AI Texture",
			"nameKey": "graph_ai_generation_controller_input_aitexture",
			"description": "The AI texture to use, such as AI Art texture, Face Fusion texture, etc.",
			"descriptionKey": "graph_ai_generation_controller_input_aitexture_description",
			"type": "Texture",
			"providerType": "Texture2DProvider",
			"displayType": "Texture",
			"displayTypeKey": "graph_type_texture"
		}
	],
	"outputs": [
		{
			"name": "On Start",
			"type": "Pulse",
			"description": "Executes the next node when the generation starts",
			"displayType": "Exec",
			"nameKey": "graph_ai_generation_controller_output_onstart",
			"descriptionKey": "graph_ai_generation_controller_output_onstart_description",
			"displayTypeKey": "graph_type_exec"
		},
		{
			"name": "During",
			"type": "Pulse",
			"description": "Executes the next node while the generation is in progress",
			"displayType": "Exec",
			"nameKey": "graph_ai_generation_controller_output_during",
			"descriptionKey": "graph_ai_generation_controller_output_during_description",
			"displayTypeKey": "graph_type_exec"
		},
		{
			"name": "On Stop",
			"type": "Pulse",
			"description": "Executes the next node when the generation ends",
			"displayType": "Exec",
			"nameKey": "graph_ai_generation_controller_output_onsuccess",
			"descriptionKey": "graph_ai_generation_controller_output_onsuccess_description",
			"displayTypeKey": "graph_type_exec"
		},
		{
			"name": "On Failed",
			"type": "Pulse",
			"description": "Executes the next node when the generation fails",
			"displayType": "type",
			"nameKey": "graph_ai_generation_controller_output_onfailed",
			"descriptionKey": "graph_ai_generation_controller_output_onfailed_description",
			"displayTypeKey": "graph_type_type"
		},
		{
			"name": "Result",
			"description": "The resulting AI-generated texture",
			"type": "Texture",
			"providerType": "Texture2DProvider",
			"displayType": "Texture",
			"nameKey": "graph_ai_generation_controller_output_result",
			"descriptionKey": "graph_ai_generation_controller_output_result_description",
			"displayTypeKey": "graph_type_texture"
		}
	],
	"js": "CGAITextureGenerator.js",
	"version": "2.0.0",
	"SDKVersion": "15.2.0",
	"category": "Utility",
	"description": "AI recalls events and relative info and properties.",
	"productTypes": [
		"EHO"
	],
	"showInLibrary":[],
	"nameKey": "graph_ai_generation_controller_name",
	"categoryKey": "graph_category_utility",
	"descriptionKey": "graph_ai_generation_controller_description",
	"contentFeature": ["AIGenerationController"]
}